version,git_commit,archive_sha256,first_party_route_present,helper_runtime_status,whole_cli_tested
0.1.16,64eda020ed220dacb79cbc4938d4ff2c10d2bbf2,44734e5f9baf3abcdc646beb2ba753cd12de79627af351f39cd8fb4d234a7fc8,False,selected_helper_set_absent,False
0.1.17,d92b4c620184fc5b0dced5d9304df5adbab38e24,c6145267fb8e2a33ea47cc6e85a0c11de19a8f191675a6b7fb800371b3fa362a,False,selected_helper_set_absent,False
0.1.18,929c97c4a762da0fbd1f5e2cbbc8dca0c5742f65,42d76eea64aebb66d77a9ca2fb64553141261c391b271a309825154e6326fa63,False,selected_helper_set_absent,False
0.1.19,9ca9662315fc2603c1f1792af63fa208757a42c8,a2a84d23871e8754408b1f63839f172328bda650ba148f77c64ae885905aeecc,False,selected_helper_set_absent,False
0.1.20,767ae7d833d700f6a86818902cb8dfe59b0c69d4,0e99aa638f12d917cab5c04af6c381ee51c4bfeb4fb20a910fe45ad343fd0168,False,selected_helper_set_absent,False
0.1.21,12834108d2f26687bfb63896634ffe48e1e65aef,381197480fc32cad3143a6352a67f6c2a691ed3f202c98755cc2148309f595f2,False,selected_helper_set_absent,False
0.1.22,01e240fe51cf65d61f8a1036ca8907dc2ce0f5c1,70c4fdd212642408dc43221e46be3c2814c585e97169e38f3e58720582566f56,False,selected_helper_set_absent,False
0.1.23,41cff3f52f219e28e27aa74f064b49ba180072d5,c45e37104f1b9a5acab2f05316b96de34e5567b19a3c323fb99d9b5be231b5f1,False,selected_helper_set_absent,False
0.1.24,c71e693090d0561f68a9bb823c8f75c114cc4412,06c8a879802fa8c3134b842063c6c2493f111a4094a8e1ea643aa3042cff55de,False,selected_helper_set_absent,False
0.1.25,898139a9638e0dd8439f53ee37de5755b60ba48a,7831bd229085b244847273e81c5b395a1e8e419d47c958638fcee735f412819a,False,selected_helper_set_absent,False
0.1.26,a82684a307276caefc0e8113c26f28a39d9751c2,6a95ef88df976c390eb01e07faef92e3e79dc7bd2d595152536d828f86191534,False,selected_helper_set_absent,False
0.1.27,aa8baa8ff2867c61d2d0460f14a35a8c7037a8b4,b72aa88a4939f2205a9f55c2ade5e39bde321dd25974a380b8fc55176f026b0b,False,selected_helper_set_absent,False
0.1.28,09c7da758c4f97c3c501893da0eb651f5c2eba37,df6a1a9e1e492d45b09a4a0c1cbc6eebaf8b03205bea8018a04a8c0a40eed2d7,False,selected_helper_set_absent,False
0.1.29,ce68351da4991bb795c2cccb94bf3649e5843cf4,94fc8f7e85f883cb802a2d5ecb48f7a6def673f4641fea68b9d4a2d998d3b1e2,False,selected_helper_set_absent,False
0.1.30,5ad711afa34dbae2d0783b3405de192c72fb8c64,920452ea9b57efc87b1e09511756929e3b55ab4af48a373fd952c8e76690470f,False,selected_helper_set_absent,False
0.1.31,cd9c013ef75f5d693e2490e02fabbc0c56345764,6b463f9c0d4f2b676ce59cd1fafa853d4aeae8503cd1df574b3e49e80394c37f,False,selected_helper_set_absent,False
0.1.32,90d4ca99253a75595d1e51e78f647b673133d7e8,3ef08282c10e8f809f4ee2eb8f589e551483ac8ed0c6f70796f34d2a759dfbbf,True,passed,False
0.1.33,714529627f2e6ec3ff90b3d53dc66114fab10f82,79d8d1bc260b03b718d3fda30276ab580cf2aac2e0bbb475f106d591673d7445,True,passed,False
0.1.34,dcf33cb4e54fe36a970032c47c09af4f75a74e17,50bb25ad5345211bacec6b9046a086c480f98cf3361686655b0ed229ec0a540d,True,passed,False
0.1.35,c13913ec719c7e9a713be19baa34dfb25b880b5c,b0ac9a0c924cfaa56585de0262913a27ecbd7a7632f068d3f0d960c55a3b1fe1,True,passed,False
0.1.36,1f73b0d15837cba97de4c573296f0c83f2e9aef5,f903d86622a16c56a46abc17c3240fc0a9e6cdb7cec462458c04c8c390bf58b3,True,passed,False
0.1.37,89ec737114aa07f1ef91b6de73215e615428761f,d9d55af8b04926ff3223f0876b4a50c2dc04d13e490f1efe31e60c7e7b29b0cb,True,passed,False
0.1.38,02619aff36e79803d7c894e8c8ae7b34b2d11f8c,d8e7034ed4ddf1f1b5efd928b74e7165ab427f7b21ab86ce79bcb82a4d9560aa,True,passed,False
0.1.39,b5e71c33f11017ccf7c0fa985e525c40a4d4cbf5,3d9a3521f02322e48f0e7b0e3638840602cbe67f0c1dbe2ca5018af9f54f853a,True,passed,False
0.1.40,bdc9e1397772cda44fb321076af3383db8c7e473,3b99d5610ac3fdb7748817483672e77500337c418b4c2ce559e52fed05adb2cb,True,passed,False
0.1.41,dbbac4d78c8f4999aeceebc463037518b3fb74b7,2f082fb33e79adc19c11f54ebdabe1c28bdeb3a2c829e1d6de5f6a20c7ba0c89,True,passed,False
0.1.42,404a0f4e8d947710b342acb9bbf95c38a8b62f97,d71abc6e9f6486b070c4f90687de06405b792b9e4540ebeb6076a5ab82130468,True,passed,False
0.1.43,d26e5a821ee7e266109f05871ecc2570d8a7054a,0ce36d4637b8910d61a067d0e8ad9ad0f889e3900246a71328b26b7693d6299a,True,passed,False
0.1.44,e84f0c3b628e7104f22724a896ecde5fc012de35,5f7d6e906b7712e116a6f54719d9f08c7d856715837c41711981ec9c5031e9f5,True,passed,False
0.1.45,cd61dc64eaea673ae00503d32a139fbb7de5c32e,b29e2879ee36702223ab892c7ad683fc6cf4b0db7b8e995cdda501a775967d7e,True,passed,False
0.1.46,cf5d76e82c4c2e1eb279c46179eb891d7dccc944,962607b914d4de0c003752c168ac240db595e500c0c9c8a2670a6a11f2b99d87,True,passed,False
0.1.47,2219a7859d1ad343414e33ba8901b368b57f33d6,074d74a5cbeada7d0896e7890b179a5d6d0c87c29fa73a2d31123f474d4204e3,True,passed,False
0.1.48,2d323e6ed8c3369f645d461153b1a766d2c43860,38f11aa81a142f7e484339d3b3c1f915f900cfb73e67c96ccd517d9728c4503d,True,passed,False
0.1.49,aa0ea84cec62fb430dcde5c6e0d3df2481353cdb,1448cf35c4cd77af0eacb1ef6a8231d4bc7fe8c28ea9449f8e19ba3ef866aec7,True,passed,False
0.2.0,6d4f8eeafeb327e33ed021cc54cf656202f29ee1,ebc0db2dcf1b4768afd71855bc7fac731c34e8015f61db9b2e5384674b3a91f3,True,passed,False
0.2.1,05c3f9c9ee61396672c9381a54ef84757de7023b,a48bf3e7f46baa1273a0d11e3f9dfa1383042b40daab0b82633ae0414524ab24,True,passed,False
0.2.2,f0c07bf8d8a6ed3178caf7557eb7f0bae115a824,96fb9b4cd8969ce36f8d1b85411ca9eed1df7ee66763e1c4d36ec6e53f62fb1c,True,passed,False
0.2.3,11422f23f2935171a94c896e324535b0bcc3ae17,855fea282d7146bc1cc6445a4e4dacf84cd7696409bfc1267a4ce119358ef3aa,True,passed,False
0.2.4,aa3596ab296f6a6d9b5d19c76706db8f3a368c1d,401593b18cfb6cb478c0b452e75aa1e38f6320d9a9eda390d68ad92c4f8d4522,True,passed,False
0.2.5,a2ab330bb1735e157d209080862519f11e6122b5,06b6bb1997afb6dc9c60c080e25a8d1ec456e3cd76f5f725bbbd8d01f5b6997d,True,passed,False
0.2.6,ea72471dfc9a22f5a7f23f91240aa170065b63df,45259448c9574f5aae0f5e8a2c63b208bee9d733add73351d1572184cb16d828,True,passed,False
0.2.7,8e7b1d73a904032a243ec7e094a7151c961ade1f,8de2630cd614541ff8d6af47a32cc9bd76d0a18b34392c274930ed01d71afd27,True,passed,False
0.3.0,47635676821635cd411d5813fe5bf912440aeeef,a0ad4c9f129c918cbd1565a4aaae4bb3f74b215096f122aa5a80a38e883f5e27,True,passed,False
0.3.1,b7c6e40adb83c098228186735099e75e99b1c37e,5f003a29338f254f1d4bf41305dea5bf8511041572e5f7823721a32821a4e177,True,passed,False
0.3.2,21c3f2adc44f40c8847b025322636024703816f5,6aaa6233cf4928c2ec3908711d0711d36bb3983994df6b005c38dea606a9dbf2,True,passed,False
0.3.3,df59c772d80897af5ab402a055d44dc47b03d400,dd6c13944eef4cdf6d42119761b8b822a2e34dc8b9ba944f768aa3e920814286,True,passed,False
0.4.0,5db4f70c28c93d56748ec2faf58f14cb50a8e1fa,6aa2bd895b3ee7761214ac3bdea77b6b4a27db4421b6399980a1166575f6e793,True,passed,False
0.4.1,b449fac5d3ca1a6fe585d8087c81704a298e7506,98b1971c3dbb2deac87dd382416429fc314f666abd3cc58b30d740b23e42adc1,True,passed,False
0.5.0,34570f36a9b7933c3b2bdf25b8dfbca65ebe0d89,a5a4932b444c7d2b016fa1b4bd1a6366cacb9814712a086d48c39aed7463f2dc,True,passed,False
0.6.0,6827d3214ce084878720f2f22b2638cc9aeff87d,9b2d3238a2b3aae71a57058f00fc26c75a736e4bfcf348616fc0356bc5177d9a,True,passed,False
0.7.0,d5e33f8b0c229259dea3ed054d7a4af1dde81bfc,320b02ffd884305aaf13ac27383b463b22f6963cfe6e84d444ec2eea6e31e450,True,passed,False
0.8.0,0496a12dc4fe7609565e8b268c85b6d4d6deb567,17ae6882214f777b55d3383ebbd2a7aedec83a02c80e44a19b27ff4f3650b270,True,passed,False
0.8.1,77bbcfcd7892d339c27b5a14818b63cb5c4d3293,09063e79942dc329a5aea0b50582e3cdc7be2698d5fb8afba005c2f039f38786,True,passed,False
0.8.2,da685113aeef36b4fb0a2d9e23355dbc5d5f14dc,3ebcee6ebd7fba095730123467be49d77726801e81e26dae1395901a7ed828d5,True,passed,False
0.8.3,b0b6e22f5d5402825d93b943a81576a573cab1a6,c9162084cf9d6e2c9e9c31da483d57dce90a45fa7dc95042a02718f7ad94917c,True,passed,False
0.8.4,cdfba4dec23c90aeb480950333e3a4a2bf3288f4,89414b816d934f61cc254b0715fbec158522dc076bead243f3a4c866d458bc7a,True,passed,False
0.8.5,e511b477d45e9b9fcff1329becd0d22a15a7f48b,578f3a20ef3aa75d09b94cf582208d9dbf5e1c355aee41f0ea021bde627ec255,True,passed,False
0.8.6,3084b456dea5ba093665655d6661f91898a8e6f9,57a6f71b77d6877ba3530f00db4c800b1de6b2e416bf1555b4cfe2b06e6cdd7d,True,passed,False
0.8.7,12bab623ec787c6813c0b15c7ac18c00c6cfa168,584b00ba53e4a8c52664e429760fb353b07b22d6e8d952acae37da49d70535d5,True,passed,False
0.9.0,79ea4b15204248d5c67b8dee1c88c5df83e065e0,2f22f4612be1038246ccb0a06351132ec65f03d0d73e169d1ee9028352dd7022,True,passed,False
0.10.0,950eb99fce3b3ae7bd442c2275858546c7cd8dbb,aa391fe7d9a63680d4d1434743fa27a17e5a1b97bc0a63880151d09544ec1c7a,True,passed,False
0.11.0,2acd28175fa15304ed8150a2759e5399bc4d01bc,8aedb0e358857859c5a727be2b8ecc6163506d0b3bc958a57ed46e4f0f0553b3,True,passed,False
0.12.0,81d0e56bcc3f35db70fd43334ff8688007ec0a0d,727ae83d7261991765f35850a5bed073a7446b1822d72c6da76616cfcba4bcf7,True,passed,False
0.12.1,5114ce33efda91b5b2ea978e6708e8f50d2c9b96,4793829a596c59156a54589974bd3bd2b87bf4b099d8e8e078199df8080a2780,True,passed,False
0.13.0,d8182b1fa00b4f88c0bcb9fb65e675cc4cfcddd2,d0d0dc4f4663cdd46dca4ca071f7a907782adbbfc5188cc88a057a3172bcf192,True,passed,False
0.13.1,7a615dcb9e05cc7a100b1f9492433cbccd5e1acd,5b2568f46cf545aa6258617a4a2ec881197cd305114cccb9e9693d3f1228ba18,True,passed,False
0.13.2,75c3eab1e5bfcabd98d349bb80b4de9ffaf410fd,7a2b1e54c9bbe64e03c9251081b5c85d0b51424b7cb4e0ef8fdacaa86d89526c,True,passed,False
0.13.3,2e8895b88ccdb654c8e8b85564b28d447291251b,331ab3786e626a80faa58062a4f645ec3a4611182aaf8a021e6a17e4182364ec,True,passed,False
0.13.4,36076bca5a3d1d7dfbb68c98a79c9a93c5881034,ab375faf38de1e5725735f04ce88be4949d138d51ccebb7027cf0d8d0b04d92d,True,passed,False
0.13.5,1dd81a1b7068a1771ea0edc577194722a84b09d6,a6f3ebdc118d197050197849b97f813e83cf398125a618fa92ff615c6803a85c,True,passed,False
0.14.0,0a47c0240991156cf6eb85ead96dd94491057816,b5c5930983d2ecae62fa90d932a36baabb6bc105bb201dd312949a2283e9b131,True,passed,False
0.14.1,ae704200aec741e091d2729fdfb346b533116077,1a8831e213c290a5e72f85ffa4f1aec4797491d3b16252bd295ddb674a2a8ac6,True,passed,False
0.14.2,8ba22bdb4e73b818abf22b5e0c8fb5d96e90203b,92e17015d8ec117ae2ef98ff46caf2cd3c856bbe02bf4f1c3a195a691933bcaf,True,passed,False
0.14.3,6a06aca546a8fd3b7beb040f39761b364893198d,f4ab0e33b38b24fff6a8b3234f9d683e47995ca44f3186481716d444836f7254,True,passed,True
